Am_di_Acas,Genomic
Am_my_Asub,Genomic
Ba_ac_Acry,Genomic
Ba_ac_Amed,Genomic
Ba_ac_Amis,Genomic
Ba_ac_Blon,Genomic
Ba_ac_Ccur,Genomic
Ba_ac_Cdip,Genomic
Ba_ac_Cwoe,Genomic
Ba_ac_Elen,Genomic
Ba_ac_Faln,Genomic
Ba_ac_Frsp,Genomic
Ba_ac_Gpol,Genomic
Ba_ac_Ical,Genomic
Ba_ac_Ivar,Genomic
Ba_ac_Jden,Genomic
Ba_ac_Kfla,Genomic
Ba_ac_Krhi,Genomic
Ba_ac_Ksed,Genomic
Ba_ac_Kset,Genomic
Ba_ac_Maur,Genomic
Ba_ac_Mmar,Genomic
Ba_ac_Mpar,Genomic
Ba_ac_Mpho,Genomic
Ba_ac_Nalb,Genomic
Ba_ac_Nfar,Genomic
Ba_ac_Nmul,Genomic
Ba_ac_Paer,Genomic
Ba_ac_Pdio,Genomic
Ba_ac_Pequ,Genomic
Ba_ac_Pnam,Genomic
Ba_ac_Pnic,Genomic
Ba_ac_Prsp,Genomic
Ba_ac_Rden,Genomic
Ba_ac_Rhsp,Genomic
Ba_ac_Sery,Genomic
Ba_ac_Snas,Genomic
Ba_ac_Srap,Genomic
Ba_ac_Sros,Genomic
Ba_ad_Abkb,Genomic
Ba_ad_Abur,Genomic
Ba_ad_Acap,Genomic
Ba_ad_Acsp,Genomic
Ba_ad_Bagg,Genomic
Ba_ad_Belo,Genomic
Ba_ad_Cthe,Genomic
Ba_ad_Eagg,Genomic
Ba_ad_Gfem,Genomic
Ba_ad_Gtun,Genomic
Ba_ad_Hfoe,Genomic
Ba_ad_Lpra,Genomic
Ba_ad_Osav,Genomic
Ba_ad_Pmet,Genomic
Ba_ad_Sbac,Genomic
Ba_ad_Sboh,Genomic
Ba_ad_Susi,Genomic
Ba_ad_Taqu,Genomic
Ba_ad_Tgab,Genomic
Ba_ad_Tros,Genomic
Ba_aq_Aaeo,Genomic
Ba_aq_Desp,Genomic
Ba_aq_Hbsp,Genomic
Ba_aq_Hmar,Genomic
Ba_aq_Hspa,Genomic
Ba_aq_Hthe,Genomic
Ba_aq_Hysp,Genomic
Ba_aq_Pesp,Genomic
Ba_aq_Pmar,Genomic
Ba_aq_Ssub,Genomic
Ba_aq_Tamm,Genomic
Ba_aq_Thsp,Genomic
Ba_aq_Ttak,Genomic
Ba_ar_Ccal,Genomic
Ba_ba_Alsp,Genomic
Ba_ba_Assp,Genomic
Ba_ba_Ausp,Genomic
Ba_ba_Bcae,Genomic
Ba_ba_Bfra,Genomic
Ba_ba_Blit,Genomic
Ba_ba_Blsp,Genomic
Ba_ba_Cazo,Genomic
Ba_ba_Ccha,Genomic
Ba_ba_Coch,Genomic
Ba_ba_Csul,Genomic
Ba_ba_Eele,Genomic
Ba_ba_Fbac,Genomic
Ba_ba_Ffae,Genomic
Ba_ba_Flsp,Genomic
Ba_ba_Ftaf,Genomic
Ba_ba_Hhyd,Genomic
Ba_ba_Hros,Genomic
Ba_ba_Hser,Genomic
Ba_ba_Llon,Genomic
Ba_ba_Nkor,Genomic
Ba_ba_Ohon,Genomic
Ba_ba_Opac,Genomic
Ba_ba_Orhi,Genomic
Ba_ba_Pbac,Genomic
Ba_ba_Pesp,Genomic
Ba_ba_Pgin,Genomic
Ba_ba_Prsp,Genomic
Ba_ba_Prum,Genomic
Ba_ba_Rsli,Genomic
Ba_ba_Scan,Genomic
Ba_ba_Sgra,Genomic
Ba_ba_Smue,Genomic
Ba_ba_Spol,Genomic
Ba_ba_Sspa,Genomic
Ba_ba_Wvir,Genomic
Ba_ba_Zgal,Genomic
Ba_bc_Cchl,Genomic
Ba_bc_Ccli,Genomic
Ba_bc_Cfer,Genomic
Ba_bc_Chsp,Genomic
Ba_bc_Clim,Genomic
Ba_bc_Clut,Genomic
Ba_bc_Cpar,Genomic
Ba_bc_Cpha,Genomic
Ba_bc_Cphv,Genomic
Ba_bc_Ctep,Genomic
Ba_bc_Ctha,Genomic
Ba_bc_Paes,Genomic
Ba_bc_Ppha,Genomic
Ba_bc_Pspa,Genomic
Ba_bc_Pspb,Genomic
Ba_bc_Pspc,Genomic
Ba_bc_Pspd,Genomic
Ba_bc_Pspe,Genomic
Ba_bc_Pspf,Genomic
Ba_bi_Ialb,Genomic
Ba_bi_Mros,Genomic
Ba_ca_Cbaa,Genomic
Ba_ca_Cbab,Genomic
Ba_ca_Cbac,Genomic
Ba_ca_Cbad,Genomic
Ba_ca_Cbae,Genomic
Ba_ca_Cbaf,Genomic
Ba_ca_Cbag,Genomic
Ba_ca_Cexi,Genomic
Ba_cd_Cavi,Genomic
Ba_cd_Cbac,Genomic
Ba_cd_Cmur,Genomic
Ba_cd_Cpec,Genomic
Ba_cd_Cpro,Genomic
Ba_cd_Cseq,Genomic
Ba_cd_Elau,Genomic
Ba_cd_Nesp,Genomic
Ba_cd_Paca,Genomic
Ba_cd_Pbac,Genomic
Ba_cd_Prsp,Genomic
Ba_cd_Sneg,Genomic
Ba_cd_Wcho,Genomic
Ba_ch_Abac,Genomic
Ba_ch_Amar,Genomic
Ba_ch_Athe,Genomic
Ba_ch_Bcal,Genomic
Ba_ch_Bfer,Genomic
Ba_ch_Caur,Genomic
Ba_ch_Cbac,Genomic
Ba_ch_Chsp,Genomic
Ba_ch_Dlyk,Genomic
Ba_ch_Fflo,Genomic
Ba_ch_Hesp,Genomic
Ba_ch_Hlla,Genomic
Ba_ch_Larv,Genomic
Ba_ch_Lsac,Genomic
Ba_ch_Ltar,Genomic
Ba_ch_Oapp,Genomic
Ba_ch_Pbre,Genomic
Ba_ch_Psub,Genomic
Ba_ch_Rcas,Genomic
Ba_ch_Sthe,Genomic
Ba_ch_Tdax,Genomic
Ba_ch_Thaz,Genomic
Ba_ch_Toni,Genomic
Ba_ch_Tros,Genomic
Ba_ch_Tter,Genomic
Ba_ch_Uabm,Genomic
Ba_cn_Abac,Genomic
Ba_cn_Gasp,Genomic
Ba_cp_Assp,Genomic
Ba_cp_Bssp,Genomic
Ba_cp_Dwwe,Genomic
Ba_cp_Falk,Genomic
Ba_cp_Maga,Genomic
Ba_cp_Nomu,Genomic
Ba_cp_Parc,Genomic
Ba_cp_Sgwa,Genomic
Ba_cp_Tayl,Genomic
Ba_cr_Cars,Genomic
Ba_cr_Dind,Genomic
Ba_cv_Amuc,Genomic
Ba_cv_Caka,Genomic
Ba_cv_Ccap,Genomic
Ba_cv_Cfla,Genomic
Ba_cv_Cosp,Genomic
Ba_cv_Elut,Genomic
Ba_cv_Gcol,Genomic
Ba_cv_Hasp,Genomic
Ba_cv_Llim,Genomic
Ba_cv_Minf,Genomic
Ba_cv_Mkam,Genomic
Ba_cv_Obac,Genomic
Ba_cv_Oter,Genomic
Ba_cv_Pdeb,Genomic
Ba_cv_Ppar,Genomic
Ba_cv_Rgel,Genomic
Ba_cv_Rmar,Genomic
Ba_cv_Sbac,Genomic
Ba_cv_Tsac,Genomic
Ba_cv_Uver,Genomic
Ba_cv_Vesp,Genomic
Ba_cv_Xisp,Genomic
Ba_cy_Aatl,Genomic
Ba_cy_Acir,Genomic
Ba_cy_Acyl,Genomic
Ba_cy_Aheg,Genomic
Ba_cy_Alax,Genomic
Ba_cy_Amar,Genomic
Ba_cy_Ansp,Genomic
Ba_cy_Apla,Genomic
Ba_cy_Arsp,Genomic
Ba_cy_Aspa,Genomic
Ba_cy_Aspb,Genomic
Ba_cy_Atha,Genomic
Ba_cy_Capo,Genomic
Ba_cy_Casp,Genomic
Ba_cy_Cbur,Genomic
Ba_cy_Ccht,Genomic
Ba_cy_Ccip,Genomic
Ba_cy_Ccub,Genomic
Ba_cy_Cepi,Genomic
Ba_cy_Cfri,Genomic
Ba_cy_Cgra,Genomic
Ba_cy_Cgsp,Genomic
Ba_cy_Chsp,Genomic
Ba_cy_Cmin,Genomic
Ba_cy_Cpol,Genomic
Ba_cy_Crac,Genomic
Ba_cy_Csid,Genomic
Ba_cy_Cspa,Genomic
Ba_cy_Cspb,Genomic
Ba_cy_Cspc,Genomic
Ba_cy_Csta,Genomic
Ba_cy_Cthe,Genomic
Ba_cy_Ctsp,Genomic
Ba_cy_Cwat,Genomic
Ba_cy_Cysp,Genomic
Ba_cy_Dcir,Genomic
Ba_cy_Desp,Genomic
Ba_cy_Dsal,Genomic
Ba_cy_Fcon,Genomic
Ba_cy_Fdip,Genomic
Ba_cy_Fisp,Genomic
Ba_cy_Gher,Genomic
Ba_cy_Gkil,Genomic
Ba_cy_Glit,Genomic
Ba_cy_Glsp,Genomic
Ba_cy_Gspa,Genomic
Ba_cy_Gspb,Genomic
Ba_cy_Gspc,Genomic
Ba_cy_Gvio,Genomic
Ba_cy_Hhon,Genomic
Ba_cy_Hlsp,Genomic
Ba_cy_Hpsp,Genomic
Ba_cy_Hriv,Genomic
Ba_cy_Hspa,Genomic
Ba_cy_Hysp,Genomic
Ba_cy_Lcon,Genomic
Ba_cy_Lesp,Genomic
Ba_cy_Lisp,Genomic
Ba_cy_Lrob,Genomic
Ba_cy_Lspa,Genomic
Ba_cy_Maer,Genomic
Ba_cy_Mgla,Genomic
Ba_cy_Mlam,Genomic
Ba_cy_Mrep,Genomic
Ba_cy_Mspa,Genomic
Ba_cy_Mspb,Genomic
Ba_cy_Mspc,Genomic
Ba_cy_Mtes,Genomic
Ba_cy_Mysp,Genomic
Ba_cy_Nazo,Genomic
Ba_cy_Ncht,Genomic
Ba_cy_Nnod,Genomic
Ba_cy_Nosp,Genomic
Ba_cy_Npun,Genomic
Ba_cy_Nsph,Genomic
Ba_cy_Nspu,Genomic
Ba_cy_Ocjs,Genomic
Ba_cy_Ocmt,Genomic
Ba_cy_Onig,Genomic
Ba_cy_Ossp,Genomic
Ba_cy_Pbic,Genomic
Ba_cy_Phol,Genomic
Ba_cy_Phsp,Genomic
Ba_cy_Plsp,Genomic
Ba_cy_Ppri,Genomic
Ba_cy_Prma,Genomic
Ba_cy_Prsp,Genomic
Ba_cy_Prub,Genomic
Ba_cy_Pspa,Genomic
Ba_cy_Pspb,Genomic
Ba_cy_Pspc,Genomic
Ba_cy_Rint,Genomic
Ba_cy_Risp,Genomic
Ba_cy_Rlac,Genomic
Ba_cy_Rspa,Genomic
Ba_cy_Scya,Genomic
Ba_cy_Shof,Genomic
Ba_cy_Shop,Genomic
Ba_cy_Shou,Genomic
Ba_cy_Skis,Genomic
Ba_cy_Smaj,Genomic
Ba_cy_Smil,Genomic
Ba_cy_Sspa,Genomic
Ba_cy_Sspb,Genomic
Ba_cy_Sspc,Genomic
Ba_cy_Sspd,Genomic
Ba_cy_Ssph,Genomic
Ba_cy_Sspn,Genomic
Ba_cy_Sspo,Genomic
Ba_cy_Ssub,Genomic
Ba_cy_Stol,Genomic
Ba_cy_Stsp,Genomic
Ba_cy_Syel,Genomic
Ba_cy_Sysp,Genomic
Ba_cy_Tcam,Genomic
Ba_cy_Telo,Genomic
Ba_cy_Tery,Genomic
Ba_cy_Thsp,Genomic
Ba_cy_Tvar,Genomic
Ba_cy_Ufce,Genomic
Ba_cy_Xesp,Genomic
Ba_de_Dswu,Genomic
Ba_de_Mcer,Genomic
Ba_de_Mhyd,Genomic
Ba_de_Mrub,Genomic
Ba_de_Msil,Genomic
Ba_de_Opro,Genomic
Ba_de_Trad,Genomic
Ba_de_Tten,Genomic
Ba_de_Tthe,Genomic
Ba_df_Cnit,Genomic
Ba_df_Dace,Genomic
Ba_df_Ddes,Genomic
Ba_df_Fsin,Genomic
Ba_df_Gesp,Genomic
Ba_df_Msch,Genomic
Ba_di_Dthe,Genomic
Ba_di_Dtur,Genomic
Ba_el_Elsp,Genomic
Ba_el_Emin,Genomic
Ba_el_Epro,Genomic
Ba_el_Ersd,Genomic
Ba_el_Etri,Genomic
Ba_fb_Bbre,Genomic
Ba_fb_Epal,Genomic
Ba_fb_Esib,Genomic
Ba_fb_Gkau,Genomic
Ba_fb_Hhal,Genomic
Ba_fb_Ktus,Genomic
Ba_fb_Lcas,Genomic
Ba_fb_Lkim,Genomic
Ba_fb_Llac,Genomic
Ba_fb_Lque,Genomic
Ba_fb_Lsph,Genomic
Ba_fb_Oihe,Genomic
Ba_fb_Pasp,Genomic
Ba_fb_Pcla,Genomic
Ba_fb_Pmuc,Genomic
Ba_fc_Amet,Genomic
Ba_fc_Anot,Genomic
Ba_fc_Bpro,Genomic
Ba_fc_Cbac,Genomic
Ba_fc_Cbes,Genomic
Ba_fc_Ccel,Genomic
Ba_fc_Darc,Genomic
Ba_fc_Dhaf,Genomic
Ba_fc_Dori,Genomic
Ba_fc_Drum,Genomic
Ba_fc_Elim,Genomic
Ba_fc_Hhyd,Genomic
Ba_fc_Hmod,Genomic
Ba_fc_Hstr,Genomic
Ba_fc_Lbac,Genomic
Ba_fc_Mthe,Genomic
Ba_fc_Oval,Genomic
Ba_fc_Ralb,Genomic
Ba_fc_Rbac,Genomic
Ba_fc_Rsuf,Genomic
Ba_fe_Absp,Genomic
Ba_fe_Cosp,Genomic
Ba_fn_Aint,Genomic
Ba_fn_Srum,Genomic
Ba_ft_Calk,Genomic
Ba_ft_Fisp,Genomic
Ba_fu_Cabs,Genomic
Ba_fu_Csom,Genomic
Ba_fu_Fnec,Genomic
Ba_fu_Fnuc,Genomic
Ba_fu_Ipol,Genomic
Ba_fu_Lbuc,Genomic
Ba_fu_Ltre,Genomic
Ba_fu_Osal,Genomic
Ba_fu_Patl,Genomic
Ba_fu_Smon,Genomic
Ba_fu_Ssan,Genomic
Ba_fu_Ster,Genomic
Ba_ge_Gaur,Genomic
Ba_ge_Gkal,Genomic
Ba_ge_Gpho,Genomic
Ba_is_Cmet,Genomic
Ba_le_Lara,Genomic
Ba_le_Vbac,Genomic
Ba_le_Vvad,Genomic
Ba_me_Mesp,Genomic
Ba_ni_Lfer,Genomic
Ba_ni_Nnit,Genomic
Ba_ni_Tyel,Genomic
Ba_nt_Epal,Genomic
Ba_nt_Ngra,Genomic
Ba_pa_Abra,Genomic
Ba_pa_Acry,Genomic
Ba_pa_Amar,Genomic
Ba_pa_Arub,Genomic
Ba_pa_Bjap,Genomic
Ba_pa_Brsp,Genomic
Ba_pa_Bshe,Genomic
Ba_pa_Btri,Genomic
Ba_pa_Bvir,Genomic
Ba_pa_Elut,Genomic
Ba_pa_Hden,Genomic
Ba_pa_Hpho,Genomic
Ba_pa_Lalb,Genomic
Ba_pa_Lale,Genomic
Ba_pa_Mesp,Genomic
Ba_pa_Mext,Genomic
Ba_pa_Mlot,Genomic
Ba_pa_Mrad,Genomic
Ba_pa_Msal,Genomic
Ba_pa_Ncya,Genomic
Ba_pa_Nros,Genomic
Ba_pa_Nsen,Genomic
Ba_pa_Oind,Genomic
Ba_pa_Pden,Genomic
Ba_pa_Ppha,Genomic
Ba_pa_Pspb,Genomic
Ba_pa_Raes,Genomic
Ba_pa_Rbac,Genomic
Ba_pa_Rleg,Genomic
Ba_pa_Rlit,Genomic
Ba_pa_Rpom,Genomic
Ba_pa_Rrub,Genomic
Ba_pa_Rtru,Genomic
Ba_pa_Rvsp,Genomic
Ba_pa_Rwuz,Genomic
Ba_pa_Sfre,Genomic
Ba_pa_Shen,Genomic
Ba_pa_Smuc,Genomic
Ba_pa_Susp,Genomic
Ba_pa_Swit,Genomic
Ba_pa_wend,Genomic
Ba_pa_Xaut,Genomic
Ba_pa_Yros,Genomic
Ba_pb_Acit,Genomic
Ba_pb_Axyl,Genomic
Ba_pb_Bbac,Genomic
Ba_pb_Busp,Genomic
Ba_pb_Cnec,Genomic
Ba_pb_Daci,Genomic
Ba_pb_Daro,Genomic
Ba_pb_Idsp,Genomic
Ba_pb_Jasp,Genomic
Ba_pb_Mglu,Genomic
Ba_pb_Nmen,Genomic
Ba_pb_Pasp,Genomic
Ba_pb_Pdur,Genomic
Ba_pb_Pspd,Genomic
Ba_pb_Rant,Genomic
Ba_pb_Rben,Genomic
Ba_pb_Rdep,Genomic
Ba_pb_Tden,Genomic
Ba_pb_Tequ,Genomic
Ba_pb_Tint,Genomic
Ba_pb_Tphe,Genomic
Ba_pb_Vpar,Genomic
Ba_pd_Absp,Genomic
Ba_pd_Adeh,Genomic
Ba_pd_Afae,Genomic
Ba_pd_Anit,Genomic
Ba_pd_Ansp,Genomic
Ba_pd_Apor,Genomic
Ba_pd_Arsp,Genomic
Ba_pd_Bmas,Genomic
Ba_pd_Capi,Genomic
Ba_pd_Cmed,Genomic
Ba_pd_Corn,Genomic
Ba_pd_Daes,Genomic
Ba_pd_Desc,Genomic
Ba_pd_Desp,Genomic
Ba_pd_Dhyd,Genomic
Ba_pd_Dind,Genomic
Ba_pd_Dmsp,Genomic
Ba_pd_Dsan,Genomic
Ba_pd_Dtep,Genomic
Ba_pd_Dthe,Genomic
Ba_pd_Dtie,Genomic
Ba_pd_Dvsp,Genomic
Ba_pd_Gpic,Genomic
Ba_pd_Haes,Genomic
Ba_pd_Hesp,Genomic
Ba_pd_Hoch,Genomic
Ba_pd_Hpyl,Genomic
Ba_pd_Hthe,Genomic
Ba_pd_Lesp,Genomic
Ba_pd_Msti,Genomic
Ba_pd_Mxan,Genomic
Ba_pd_Nisp,Genomic
Ba_pd_Npro,Genomic
Ba_pd_Nsal,Genomic
Ba_pd_Pabo,Genomic
Ba_pd_Pcae,Genomic
Ba_pd_Ppro,Genomic
Ba_pd_Samy,Genomic
Ba_pd_Sars,Genomic
Ba_pd_Saur,Genomic
Ba_pd_Saut,Genomic
Ba_pd_Scel,Genomic
Ba_pd_Sgot,Genomic
Ba_pd_Skuj,Genomic
Ba_pd_Slit,Genomic
Ba_pd_Vinc,Genomic
Ba_pg_Aact,Genomic
Ba_pg_Acal,Genomic
Ba_pg_Adie,Genomic
Ba_pg_Ahyd,Genomic
Ba_pg_Aidr,Genomic
Ba_pg_Alsp,Genomic
Ba_pg_Chal,Genomic
Ba_pg_Cpug,Genomic
Ba_pg_Ecsp,Genomic
Ba_pg_Ensp,Genomic
Ba_pg_Hasp,Genomic
Ba_pg_Hche,Genomic
Ba_pg_Hhal,Genomic
Ba_pg_Hmar,Genomic
Ba_pg_Iloi,Genomic
Ba_pg_Kkor,Genomic
Ba_pg_Klsp,Genomic
Ba_pg_Kpne,Genomic
Ba_pg_Llon,Genomic
Ba_pg_Mpos,Genomic
Ba_pg_Nhal,Genomic
Ba_pg_Paer,Genomic
Ba_pg_Patl,Genomic
Ba_pg_Pspc,Genomic
Ba_pg_Pwas,Genomic
Ba_pg_Rspb,Genomic
Ba_pg_Sdeg,Genomic
Ba_pg_Sspe,Genomic
Ba_pg_Thsp,Genomic
Ba_pg_Tmob,Genomic
Ba_pg_Tpel,Genomic
Ba_pg_Tvio,Genomic
Ba_pg_Xcam,Genomic
Ba_pg_Xfas,Genomic
Ba_pg_Xnem,Genomic
Ba_pl_Bmar,Genomic
Ba_pl_Fmar,Genomic
Ba_pl_Frub,Genomic
Ba_pl_Gmar,Genomic
Ba_pl_Gobs,Genomic
Ba_pl_Ipal,Genomic
Ba_pl_Kstu,Genomic
Ba_pl_Mfuc,Genomic
Ba_pl_Pbor,Genomic
Ba_pl_Plim,Genomic
Ba_pl_Plsp,Genomic
Ba_pl_Pmik,Genomic
Ba_pl_Ppir,Genomic
Ba_pl_Psta,Genomic
Ba_pl_Rbra,Genomic
Ba_pl_Rhsp,Genomic
Ba_pl_Robs,Genomic
Ba_pl_Rulv,Genomic
Ba_pl_Saci,Genomic
Ba_pl_Spal,Genomic
Ba_pl_Ssal,Genomic
Ba_sp_Aame,Genomic
Ba_sp_Balv,Genomic
Ba_sp_Band,Genomic
Ba_sp_Bjap,Genomic
Ba_sp_Bmay,Genomic
Ba_sp_Bper,Genomic
Ba_sp_Bpil,Genomic
Ba_sp_Btac,Genomic
Ba_sp_Lbif,Genomic
Ba_sp_Lesp,Genomic
Ba_sp_Lill,Genomic
Ba_sp_Lint,Genomic
Ba_sp_Maes,Genomic
Ba_sp_Ocsp,Genomic
Ba_sp_Safr,Genomic
Ba_sp_Sbaj,Genomic
Ba_sp_Slut,Genomic
Ba_sp_Spac,Genomic
Ba_sp_Sple,Genomic
Ba_sp_Tden,Genomic
Ba_sp_Tpal,Genomic
Ba_sp_Tpar,Genomic
Ba_sy_Abmo,Genomic
Ba_sy_Acol,Genomic
Ba_sy_Amob,Genomic
Ba_sy_Apau,Genomic
Ba_sy_Cevr,Genomic
Ba_sy_Dpep,Genomic
Ba_sy_Josp,Genomic
Ba_sy_Ppis,Genomic
Ba_sy_Sjon,Genomic
Ba_sy_Taci,Genomic
Ba_sy_Tlie,Genomic
Ba_sy_Tvel,Genomic
Ba_te_Alai,Genomic
Ba_te_Cphy,Genomic
Ba_te_Cyel,Genomic
Ba_te_Mcap,Genomic
Ba_te_Mflo,Genomic
Ba_te_Past,Genomic
Ba_te_Uure,Genomic
Ba_th_Dtun,Genomic
Ba_th_Fisl,Genomic
Ba_th_Gpet,Genomic
Ba_th_Kole,Genomic
Ba_th_Mlau,Genomic
Ba_th_Mpie,Genomic
Ba_th_Mpri,Genomic
Ba_th_Oter,Genomic
Ba_th_Phyp,Genomic
Ba_th_Pmob,Genomic
Ba_th_Tafr,Genomic
Ba_th_Thsp,Genomic
Ba_th_Tmel,Genomic
Ba_ts_Cthi,Genomic
Ba_ts_Tatl,Genomic
Ba_ts_Taut,Genomic
Ba_ts_Tcom,Genomic
Ba_ts_Tdis,Genomic
Ba_ts_Tgeo,Genomic
Ba_ts_Thve,Genomic
Ba_ts_Thyd,Genomic
Ba_ts_Tind,Genomic
Ba_ts_Tssp,Genomic
Ba_ts_Tthe,Genomic
EE_ap_Ttra,Genomic
EE_cr_Gthe,Genomic
Ex_eu_Bsal,Genomic
Ex_eu_Lpyr,Genomic
Ex_eu_Pemi,Genomic
Ex_eu_Scul,Genomic
Ex_fo_Ssal,Genomic
Ex_he_Ngru,Genomic
Ex_pa_Tfoe,Genomic
Op_fu_Amac,Genomic
Op_fu_Bden,Genomic
Op_fu_Ccor,Genomic
Op_fu_Dpri,Genomic
Op_fu_Gpro,Genomic
Op_fu_Lcor,Genomic
Op_fu_Mdap,Genomic
Op_fu_Mmel,Genomic
Op_fu_Napi,Genomic
Op_fu_Ncer,Genomic
Op_fu_Npar,Genomic
Op_fu_Pneu,Genomic
Op_fu_Rall,Genomic
Op_fu_Rdel,Genomic
Op_fu_Rirr,Genomic
Op_fu_Rmic,Genomic
Op_fu_Scom,Genomic
Op_fu_Spun,Genomic
Op_fu_Trub,Genomic
Op_fu_Wmel,Genomic
Op_ic_Cowc,Genomic
Op_ic_Sarc,Genomic
Op_me_Cgig,Genomic
Op_me_Ctel,Genomic
Op_me_Dpul,Genomic
Op_me_Hrob,Genomic
Op_me_Odio,Genomic
Op_me_Skow,Genomic
Op_me_Tkit,Genomic
Op_me_Tspi,Genomic
Pl_gr_Atri,Genomic
Pl_gr_Bpra,Genomic
Pl_gr_Egui,Genomic
Pl_gr_Hann,Genomic
Pl_gr_Heli,Genomic
Pl_gr_Knit,Genomic
Pl_gr_Mpol,Genomic
Pl_gr_Ntab,Genomic
Pl_gr_Oluc,Genomic
Pl_rh_Gsul,Genomic
Sr_ap_Eace,Genomic
Sr_ap_Emax,Genomic
Sr_ap_Eten,Genomic
Sr_ch_Vbra,Genomic
Sr_ci_Imul,Genomic
Sr_ci_Otri,Genomic
Sr_ci_Pper,Genomic
Sr_ci_Ptet,Genomic
Sr_ci_Scer,Genomic
Sr_ci_Slem,Genomic
Sr_di_Smic,Genomic
Sr_pe_Perk,Genomic
Sr_rh_Pmic,Genomic
Sr_rh_Rfil,Genomic
Sr_st_Aana,Genomic
Sr_st_Aast,Genomic
Sr_st_Ainv,Genomic
Sr_st_Bhom,Genomic
Sr_st_Esil,Genomic
Sr_st_Ngad,Genomic
Sr_st_Pinf,Genomic
Sr_st_Ptri,Genomic
Sr_st_Sdic,Genomic
Sr_st_Spar,Genomic
Za_al_Alti,Genomic
Za_as_Heia,Genomic
Za_as_Heib,Genomic
Za_as_Loka,Genomic
Za_as_Loki,Genomic
Za_as_Odin,Genomic
Za_as_Thob,Genomic
Za_as_Thor,Genomic
Za_ba_Crea,Genomic
Za_ba_Creb,Genomic
Za_cr_Ahos,Genomic
Za_cr_Aper,Genomic
Za_cr_Asac,Genomic
Za_cr_Clag,Genomic
Za_cr_Dmuc,Genomic
Za_cr_Ffon,Genomic
Za_cr_Mcup,Genomic
Za_cr_Paer,Genomic
Za_cr_Pfum,Genomic
Za_cr_Pisl,Genomic
Za_cr_Saci,Genomic
Za_cr_Sisl,Genomic
Za_cr_Tagg,Genomic
Za_cr_Tcel,Genomic
Za_cr_Tpen,Genomic
Za_cr_Tten,Genomic
Za_cr_Tuzo,Genomic
Za_cr_Vdis,Genomic
Za_cr_Vmou,Genomic
Za_ea_Aven,Genomic
Za_ea_Fpla,Genomic
Za_eb_Mbry,Genomic
Za_eb_Mfev,Genomic
Za_eb_Mrum,Genomic
Za_eb_Msta,Genomic
Za_eb_Mthe,Genomic
Za_ec_Maeo,Genomic
Za_ec_Mign,Genomic
Za_ec_Minf,Genomic
Za_ec_Moki,Genomic
Za_eh_Haci,Genomic
Za_eh_Hbor,Genomic
Za_eh_Hcar,Genomic
Za_eh_Hjeo,Genomic
Za_eh_Hlac,Genomic
Za_eh_Hlai,Genomic
Za_eh_Hmar,Genomic
Za_eh_Hmuk,Genomic
Za_eh_Hpau,Genomic
Za_eh_Hrub,Genomic
Za_eh_Hsai,Genomic
Za_eh_Hsol,Genomic
Za_eh_Hspb,Genomic
Za_eh_Htha,Genomic
Za_eh_Htur,Genomic
Za_eh_Htyr,Genomic
Za_eh_Huta,Genomic
Za_eh_Hvol,Genomic
Za_eh_Hxan,Genomic
Za_eh_Nban,Genomic
Za_eh_Ngre,Genomic
Za_eh_Ninn,Genomic
Za_eh_Nmag,Genomic
Za_eh_Nocc,Genomic
Za_eh_Npha,Genomic
Za_eh_Sspa,Genomic
Za_em_Marv,Genomic
Za_em_Mbar,Genomic
Za_em_Mboo,Genomic
Za_em_Mbou,Genomic
Za_em_Mbur,Genomic
Za_em_Mcon,Genomic
Za_em_Meve,Genomic
Za_em_Mhar,Genomic
Za_em_Mhol,Genomic
Za_em_Mhun,Genomic
Za_em_Mlab,Genomic
Za_em_Mlim,Genomic
Za_em_Mlit,Genomic
Za_em_Mlum,Genomic
Za_em_Mmah,Genomic
Za_em_Mman,Genomic
Za_em_Mpal,Genomic
Za_em_Mpsy,Genomic
Za_em_Mtar,Genomic
Za_em_Mtin,Genomic
Za_em_Mzhi,Genomic
Za_ep_Faci,Genomic
Za_ep_Ptor,Genomic
Za_ep_Taci,Genomic
Za_et_Pfur,Genomic
Za_et_Tkod,Genomic
Za_et_Tsib,Genomic
Za_eu_Aboo,Genomic
Za_eu_Aspa,Genomic
Za_ey_Mkan,Genomic
Za_th_Ngar,Genomic
Za_th_Nkor,Genomic
Za_th_Nsal,Genomic
Am_ar_Mabd,Transcriptomic
Am_ar_Mbal,Transcriptomic
Am_ar_Meil,Transcriptomic
Am_ar_Pesp,Transcriptomic
Am_ar_Relo,Transcriptomic
Am_ar_Rlib,Transcriptomic
Am_di_Ahea,Transcriptomic
Am_di_Apyr,Transcriptomic
Am_di_Cmin,Transcriptomic
Am_di_Cpen,Transcriptomic
Am_di_Cusp,Transcriptomic
Am_di_Dalg,Transcriptomic
Am_di_Endo,Transcriptomic
Am_di_Gfon,Transcriptomic
Am_di_Lara,Transcriptomic
Am_di_Lhul,Transcriptomic
Am_di_Lisp,Transcriptomic
Am_di_Luap,Transcriptomic
Am_di_Mcan,Transcriptomic
Am_di_Mspa,Transcriptomic
Am_di_Naes,Transcriptomic
Am_di_Paes,Transcriptomic
Am_di_Patl,Transcriptomic
Am_di_Pboh,Transcriptomic
Am_di_Pcat,Transcriptomic
Am_di_Pess,Transcriptomic
Am_di_Plev,Transcriptomic
Am_di_Ppem,Transcriptomic
Am_di_Prug,Transcriptomic
Am_di_Risp,Transcriptomic
Am_di_Sjap,Transcriptomic
Am_di_Sped,Transcriptomic
Am_di_Sreg,Transcriptomic
Am_di_Tric,Transcriptomic
Am_di_Vexi,Transcriptomic
Am_di_Vnsp,Transcriptomic
Am_di_Vrob,Transcriptomic
Am_di_Vsim,Transcriptomic
Am_is_Aden,Transcriptomic
Am_is_Eexu,Transcriptomic
Am_is_Faeg,Transcriptomic
Am_is_Fcit,Transcriptomic
Am_is_Fnol,Transcriptomic
Am_is_Grob,Transcriptomic
Am_is_Misp,Transcriptomic
Am_is_Pmon,Transcriptomic
Am_is_Psol,Transcriptomic
Am_is_Rsax,Transcriptomic
Am_is_Sram,Transcriptomic
Am_is_Stub,Transcriptomic
Am_is_Vant,Transcriptomic
Am_my_Capo,Transcriptomic
Am_my_Cfur,Transcriptomic
Am_my_Crec,Transcriptomic
Am_my_Ctah,Transcriptomic
Am_my_Ddac,Transcriptomic
Am_my_Eoli,Transcriptomic
Am_my_Ngra,Transcriptomic
Am_my_Part,Transcriptomic
Am_my_Pfun,Transcriptomic
Am_my_Pnoc,Transcriptomic
Am_my_Ppal,Transcriptomic
Am_my_Ppol,Transcriptomic
Am_my_Sirr,Transcriptomic
Am_my_Spse,Transcriptomic
Am_my_Svul,Transcriptomic
Am_my_Tacu,Transcriptomic
Am_th_Tqua,Transcriptomic
Am_tu_Aint,Transcriptomic
Am_tu_Amsp,Transcriptomic
Am_tu_Apro,Transcriptomic
Am_tu_Aspl,Transcriptomic
Am_tu_Cpro,Transcriptomic
Am_tu_Crsp,Transcriptomic
Am_tu_Dbry,Transcriptomic
Am_tu_Disp,Transcriptomic
Am_tu_Hppl,Transcriptomic
Am_tu_Hs01,Transcriptomic
Am_tu_Hs04,Transcriptomic
Am_tu_Hs05,Transcriptomic
Am_tu_Hspl,Transcriptomic
Am_tu_Hver,Transcriptomic
Am_tu_Hy01,Transcriptomic
Am_tu_Hy02,Transcriptomic
Am_tu_Hypl,Transcriptomic
Am_tu_Lspl,Transcriptomic
Am_tu_Nesp,Transcriptomic
Am_tu_Nosp,Transcriptomic
Am_tu_Nt11,Transcriptomic
Am_tu_Ntpl,Transcriptomic
Am_tu_Qspl,Transcriptomic
Am_tu_Sesp,Transcriptomic
Am_tu_Us01,Transcriptomic
Am_tu_Vesp,Transcriptomic
Am_tu_Vver,Transcriptomic
Am_va_Clsp,Transcriptomic
Am_va_Usch,Transcriptomic
EE_ap_Asig,Transcriptomic
EE_ap_Ftro,Transcriptomic
EE_ap_Mpla,Transcriptomic
EE_ap_Nlon,Transcriptomic
EE_ap_Rram,Transcriptomic
EE_br_Bant,Transcriptomic
EE_br_Pbif,Transcriptomic
EE_br_Stet,Transcriptomic
EE_ce_Acsp,Transcriptomic
EE_ce_Chsp,Transcriptomic
EE_ce_Reri,Transcriptomic
EE_ce_Rhet,Transcriptomic
EE_cr_Ccur,Transcriptomic
EE_cr_Cpar,Transcriptomic
EE_cr_Crsp,Transcriptomic
EE_cr_Gcry,Transcriptomic
EE_cr_Gpac,Transcriptomic
EE_cr_Gspa,Transcriptomic
EE_cr_Gspb,Transcriptomic
EE_cr_Hand,Transcriptomic
EE_cr_Hphi,Transcriptomic
EE_cr_Htep,Transcriptomic
EE_cr_Psul,Transcriptomic
EE_cr_Rlen,Transcriptomic
EE_cr_Rsal,Transcriptomic
EE_cr_Undd,Transcriptomic
EE_ha_Cbre,Transcriptomic
EE_ha_Clep,Transcriptomic
EE_ha_Cpol,Transcriptomic
EE_ha_Crho,Transcriptomic
EE_ha_Crot,Transcriptomic
EE_ha_Goce,Transcriptomic
EE_ha_Igal,Transcriptomic
EE_ha_Ispa,Transcriptomic
EE_ha_Pant,Transcriptomic
EE_ha_Pcar,Transcriptomic
EE_ha_Pcrd,Transcriptomic
EE_ha_Plut,Transcriptomic
EE_ha_Ppar,Transcriptomic
EE_ha_Pspa,Transcriptomic
EE_ha_Saps,Transcriptomic
EE_ha_Unid,Transcriptomic
EE_is_Drot,Transcriptomic
EE_is_Hkuk,Transcriptomic
EE_is_Pbil,Transcriptomic
EE_is_Smul,Transcriptomic
EE_is_Tmar,Transcriptomic
EE_is_Tsub,Transcriptomic
Ex_eu_Dpap,Transcriptomic
Ex_eu_Egra,Transcriptomic
Ex_eu_Egym,Transcriptomic
Ex_eu_Elon,Transcriptomic
Ex_eu_Ndes,Transcriptomic
Ex_eu_Pser,Transcriptomic
Ex_fo_Sbar,Transcriptomic
Ex_fo_Svor,Transcriptomic
Ex_he_Gvul,Transcriptomic
Ex_he_Pcos,Transcriptomic
Ex_he_Pkir,Transcriptomic
Ex_he_Slip,Transcriptomic
Ex_he_Smar,Transcriptomic
Ex_is_Tpyr,Transcriptomic
Ex_ja_Agod,Transcriptomic
Ex_ja_Haro,Transcriptomic
Ex_ja_Jbah,Transcriptomic
Ex_ja_Jlib,Transcriptomic
Ex_ja_Rame,Transcriptomic
Ex_ja_Secu,Transcriptomic
Ex_ja_Sinc,Transcriptomic
Ex_ma_Goke,Transcriptomic
Ex_ma_Mcal,Transcriptomic
Ex_ma_Mjak,Transcriptomic
Ex_ox_Mono,Transcriptomic
Ex_pa_Phom,Transcriptomic
Op_ch_Mova,Transcriptomic
Op_fu_Aloc,Transcriptomic
Op_fu_Npat,Transcriptomic
Op_fu_Pspa,Transcriptomic
Op_ic_Apar,Transcriptomic
Op_is_Mvib,Transcriptomic
Op_me_Avir,Transcriptomic
Op_me_Bplu,Transcriptomic
Op_me_Cfol,Transcriptomic
Op_me_Cmey,Transcriptomic
Op_me_Cpul,Transcriptomic
Op_me_Emue,Transcriptomic
Op_me_Hcal,Transcriptomic
Op_me_Hech,Transcriptomic
Op_me_Lbai,Transcriptomic
Op_me_Lcha,Transcriptomic
Op_me_Mlei,Transcriptomic
Op_me_Ocar,Transcriptomic
Op_me_Olob,Transcriptomic
Op_me_Omin,Transcriptomic
Op_me_Pbac,Transcriptomic
Op_me_Pcar,Transcriptomic
Op_me_Pglo,Transcriptomic
Op_me_Ppil,Transcriptomic
Op_me_Sdom,Transcriptomic
Op_me_Srap,Transcriptomic
Op_me_Tbry,Transcriptomic
Op_me_Xboc,Transcriptomic
Pl_gl_Cglo,Transcriptomic
Pl_gl_Cpad,Transcriptomic
Pl_gl_Glwi,Transcriptomic
Pl_gl_Gnos,Transcriptomic
Pl_gl_Gwit,Transcriptomic
Pl_gr_Aace,Transcriptomic
Pl_gr_Aalb,Transcriptomic
Pl_gr_Cinc,Transcriptomic
Pl_gr_Cjap,Transcriptomic
Pl_gr_Cmoe,Transcriptomic
Pl_gr_Corb,Transcriptomic
Pl_gr_Cscu,Transcriptomic
Pl_gr_Csti,Transcriptomic
Pl_gr_Dsal,Transcriptomic
Pl_gr_Dten,Transcriptomic
Pl_gr_Gbil,Transcriptomic
Pl_gr_Mant,Transcriptomic
Pl_gr_Mspa,Transcriptomic
Pl_gr_Mver,Transcriptomic
Pl_gr_Npyr,Transcriptomic
Pl_gr_Omed,Transcriptomic
Pl_gr_Pcap,Transcriptomic
Pl_gr_Pcol,Transcriptomic
Pl_gr_Pgel,Transcriptomic
Pl_gr_Pgin,Transcriptomic
Pl_gr_Pobo,Transcriptomic
Pl_gr_Pokl,Transcriptomic
Pl_gr_Ppaa,Transcriptomic
Pl_gr_Prap,Transcriptomic
Pl_gr_Psal,Transcriptomic
Pl_gr_Psin,Transcriptomic
Pl_gr_Pspa,Transcriptomic
Pl_gr_Pspd,Transcriptomic
Pl_gr_Pspf,Transcriptomic
Pl_gr_Pspg,Transcriptomic
Pl_gr_Pwic,Transcriptomic
Pl_gr_Sobl,Transcriptomic
Pl_gr_Tchu,Transcriptomic
Pl_gr_Tstr,Transcriptomic
Pl_rh_Batr,Transcriptomic
Pl_rh_Ccoe,Transcriptomic
Pl_rh_Eaus,Transcriptomic
Pl_rh_Eden,Transcriptomic
Pl_rh_Emad,Transcriptomic
Pl_rh_Furc,Transcriptomic
Pl_rh_Goki,Transcriptomic
Pl_rh_Gten,Transcriptomic
Pl_rh_Hpul,Transcriptomic
Pl_rh_Kalv,Transcriptomic
Pl_rh_Paer,Transcriptomic
Pl_rh_Phai,Transcriptomic
Pl_rh_Pyez,Transcriptomic
Pl_rh_Rhod,Transcriptomic
Pl_rh_Rmac,Transcriptomic
Pl_rh_Rmar,Transcriptomic
Pl_rh_Toli,Transcriptomic
Sr_ap_Gnip,Transcriptomic
Sr_ap_Labb,Transcriptomic
Sr_ci_Ahae,Transcriptomic
Sr_ci_An01,Transcriptomic
Sr_ci_Arsp,Transcriptomic
Sr_ci_Bapl,Transcriptomic
Sr_ci_Bcte,Transcriptomic
Sr_ci_Bjap,Transcriptomic
Sr_ci_Br01,Transcriptomic
Sr_ci_Btpl,Transcriptomic
Sr_ci_Ca01,Transcriptomic
Sr_ci_Casp,Transcriptomic
Sr_ci_Cirr,Transcriptomic
Sr_ci_Cl01,Transcriptomic
Sr_ci_Cl02,Transcriptomic
Sr_ci_Cmag,Transcriptomic
Sr_ci_Cp01,Transcriptomic
Sr_ci_Cpol,Transcriptomic
Sr_ci_Cupl,Transcriptomic
Sr_ci_Cx01,Transcriptomic
Sr_ci_Ddpl,Transcriptomic
Sr_ci_Dlpl,Transcriptomic
Sr_ci_Drum,Transcriptomic
Sr_ci_Ecau,Transcriptomic
Sr_ci_Ecra,Transcriptomic
Sr_ci_Eeca,Transcriptomic
Sr_ci_Efoc,Transcriptomic
Sr_ci_Ehar,Transcriptomic
Sr_ci_Emag,Transcriptomic
Sr_ci_Evan,Transcriptomic
Sr_ci_Fblo,Transcriptomic
Sr_ci_Fehr,Transcriptomic
Sr_ci_Fr01,Transcriptomic
Sr_ci_Fsal,Transcriptomic
Sr_ci_Ftar,Transcriptomic
Sr_ci_Gl03,Transcriptomic
Sr_ci_Gl04,Transcriptomic
Sr_ci_Gl05,Transcriptomic
Sr_ci_Hgpl,Transcriptomic
Sr_ci_Hgra,Transcriptomic
Sr_ci_Ipro,Transcriptomic
Sr_ci_Kn02,Transcriptomic
Sr_ci_Le01,Transcriptomic
Sr_ci_Li01,Transcriptomic
Sr_ci_Lpic,Transcriptomic
Sr_ci_Lx04,Transcriptomic
Sr_ci_Lx08,Transcriptomic
Sr_ci_Lx09,Transcriptomic
Sr_ci_Lxpl,Transcriptomic
Sr_ci_Mavi,Transcriptomic
Sr_ci_Me01,Transcriptomic
Sr_ci_Mpul,Transcriptomic
Sr_ci_Myru,Transcriptomic
Sr_ci_Nova,Transcriptomic
Sr_ci_Ns01,Transcriptomic
Sr_ci_Nvar,Transcriptomic
Sr_ci_Padh,Transcriptomic
Sr_ci_Pdig,Transcriptomic
Sr_ci_Pdub,Transcriptomic
Sr_ci_Pmac,Transcriptomic
Sr_ci_Pmul,Transcriptomic
Sr_ci_Pn01,Transcriptomic
Sr_ci_Pn02,Transcriptomic
Sr_ci_Po01,Transcriptomic
Sr_ci_Pr01,Transcriptomic
Sr_ci_Pspe,Transcriptomic
Sr_ci_Pssp,Transcriptomic
Sr_ci_Ptuz,Transcriptomic
Sr_ci_Rm06,Transcriptomic
Sr_ci_Rm08,Transcriptomic
Sr_ci_Rm09,Transcriptomic
Sr_ci_Sasu,Transcriptomic
Sr_ci_Sb01,Transcriptomic
Sr_ci_Se01,Transcriptomic
Sr_ci_Sg01,Transcriptomic
Sr_ci_Sg02,Transcriptomic
Sr_ci_Sinc,Transcriptomic
Sr_ci_Sm01,Transcriptomic
sr_ci_So01,Transcriptomic
Sr_ci_Spol,Transcriptomic
Sr_ci_Spsp,Transcriptomic
Sr_ci_Sras,Transcriptomic
Sr_ci_Sspl,Transcriptomic
Sr_ci_Sspp,Transcriptomic
Sr_ci_Ssul,Transcriptomic
Sr_ci_Tfus,Transcriptomic
Sr_ci_Ucit,Transcriptomic
Sr_ci_Vo01,Transcriptomic
Sr_ci_Wb01,Transcriptomic
Sr_ci_Wb02,Transcriptomic
Sr_ci_Wb03,Transcriptomic
Sr_ci_Zspl,Transcriptomic
Sr_di_Acar,Transcriptomic
Sr_di_Amas,Transcriptomic
Sr_di_Amin,Transcriptomic
Sr_di_Aost,Transcriptomic
Sr_di_Aspi,Transcriptomic
Sr_di_Aspp,Transcriptomic
Sr_di_Atam,Transcriptomic
Sr_di_Bnut,Transcriptomic
Sr_di_Ccoh,Transcriptomic
Sr_di_Cfus,Transcriptomic
Sr_di_Dbal,Transcriptomic
Sr_di_Espp,Transcriptomic
Sr_di_Gaus,Transcriptomic
Sr_di_Gcat,Transcriptomic
Sr_di_Gspi,Transcriptomic
Sr_di_Harc,Transcriptomic
Sr_di_Hsps,Transcriptomic
Sr_di_Htri,Transcriptomic
Sr_di_Kbre,Transcriptomic
Sr_di_Kfol,Transcriptomic
Sr_di_Kmic,Transcriptomic
Sr_di_Kmik,Transcriptomic
Sr_di_Kven,Transcriptomic
Sr_di_Lelo,Transcriptomic
Sr_di_Lfis,Transcriptomic
Sr_di_Lpol,Transcriptomic
Sr_di_Nsci,Transcriptomic
Sr_di_Omar,Transcriptomic
Sr_di_Paci,Transcriptomic
Sr_di_Pbah,Transcriptomic
Sr_di_Pbei,Transcriptomic
Sr_di_Pgla,Transcriptomic
Sr_di_Plim,Transcriptomic
Sr_di_Plun,Transcriptomic
Sr_di_Pmin,Transcriptomic
Sr_di_Pret,Transcriptomic
Sr_di_Pspp,Transcriptomic
Sr_di_Shan,Transcriptomic
Sr_di_Skaw,Transcriptomic
Sr_di_Stro,Transcriptomic
Sr_di_Tjol,Transcriptomic
Sr_pe_Olen,Transcriptomic
Sr_pe_Pche,Transcriptomic
Sr_rh_Aa01,Transcriptomic
Sr_rh_Adpl,Transcriptomic
Sr_rh_Am01,Transcriptomic
Sr_rh_Am02,Transcriptomic
Sr_rh_Aphi,Transcriptomic
Sr_rh_Arpl,Transcriptomic
Sr_rh_Aspl,Transcriptomic
Sr_rh_Blon,Transcriptomic
Sr_rh_Bmot,Transcriptomic
Sr_rh_Cerc,Transcriptomic
Sr_rh_Cipl,Transcriptomic
Sr_rh_Cosp,Transcriptomic
Sr_rh_Crep,Transcriptomic
Sr_rh_Cy01,Transcriptomic
Sr_rh_Emar,Transcriptomic
Sr_rh_Eupl,Transcriptomic
Sr_rh_Gcom,Transcriptomic
Sr_rh_Gr01,Transcriptomic
Sr_rh_Gspa,Transcriptomic
Sr_rh_Hgpl,Transcriptomic
Sr_rh_Lamo,Transcriptomic
Sr_rh_Loce,Transcriptomic
Sr_rh_Lset,Transcriptomic
Sr_rh_Lvor,Transcriptomic
Sr_rh_Mchi,Transcriptomic
Sr_rh_Mfpl,Transcriptomic
Sr_rh_Mmac,Transcriptomic
Sr_rh_Napl,Transcriptomic
Sr_rh_Nhpl,Transcriptomic
Sr_rh_Nopl,Transcriptomic
Sr_rh_Nsph,Transcriptomic
Sr_rh_Pd01,Transcriptomic
Sr_rh_Pglo,Transcriptomic
Sr_rh_Pina,Transcriptomic
Sr_rh_Pmar,Transcriptomic
Sr_rh_Ps01,Transcriptomic
Sr_rh_Pspl,Transcriptomic
Sr_rh_Qjpl,Transcriptomic
Sr_rh_Quin,Transcriptomic
Sr_rh_Repl,Transcriptomic
Sr_rh_Spsu,Transcriptomic
Sr_rh_Sspa,Transcriptomic
Sr_rh_Szan,Transcriptomic
Sr_rh_Tr07,Transcriptomic
Sr_rh_Trpl,Transcriptomic
Sr_rh_Vamp,Transcriptomic
Sr_st_Acof,Transcriptomic
Sr_st_Ai01,Transcriptomic
Sr_st_Alag,Transcriptomic
Sr_st_Alim,Transcriptomic
Sr_st_Aman,Transcriptomic
Sr_st_Apal,Transcriptomic
Sr_st_Arad,Transcriptomic
Sr_st_Aspb,Transcriptomic
Sr_st_Asub,Transcriptomic
Sr_st_Atth,Transcriptomic
Sr_st_Bpac,Transcriptomic
Sr_st_Bspa,Transcriptomic
Sr_st_Caro,Transcriptomic
Sr_st_Cfra,Transcriptomic
Sr_st_Chys,Transcriptomic
Sr_st_Cmar,Transcriptomic
Sr_st_Cneb,Transcriptomic
Sr_st_Cneo,Transcriptomic
Sr_st_Croe,Transcriptomic
Sr_st_Cspa,Transcriptomic
Sr_st_Cspb,Transcriptomic
Sr_st_Cspc,Transcriptomic
Sr_st_Csub,Transcriptomic
Sr_st_Cten,Transcriptomic
Sr_st_Cwai,Transcriptomic
Sr_st_Dbri,Transcriptomic
Sr_st_Dele,Transcriptomic
Sr_st_Dfra,Transcriptomic
Sr_st_Dspa,Transcriptomic
Sr_st_Dspe,Transcriptomic
Sr_st_Espa,Transcriptomic
Sr_st_Espi,Transcriptomic
Sr_st_Fcyl,Transcriptomic
Sr_st_Fjap,Transcriptomic
Sr_st_Fpar,Transcriptomic
Sr_st_Fser,Transcriptomic
Sr_st_Fspa,Transcriptomic
Sr_st_Fves,Transcriptomic
Sr_st_Goce,Transcriptomic
Sr_st_Hseo,Transcriptomic
Sr_st_Htam,Transcriptomic
Sr_st_Imar,Transcriptomic
Sr_st_Ldig,Transcriptomic
Sr_st_Ljap,Transcriptomic
Sr_st_Lpar,Transcriptomic
Sr_st_Mpol,Transcriptomic
Sr_st_Mspa,Transcriptomic
Sr_st_Nocu,Transcriptomic
Sr_st_Npun,Transcriptomic
Sr_st_Nspa,Transcriptomic
Sr_st_Odan,Transcriptomic
Sr_st_Ospa,Transcriptomic
Sr_st_Paus,Transcriptomic
Sr_st_Pban,Transcriptomic
Sr_st_Pcal,Transcriptomic
Sr_st_Pela,Transcriptomic
Sr_st_Penc,Transcriptomic
Sr_st_Pfar,Transcriptomic
Sr_st_Pimp,Transcriptomic
Sr_st_Pins,Transcriptomic
Sr_st_Pmul,Transcriptomic
Sr_st_Poli,Transcriptomic
Sr_st_Ppar,Transcriptomic
Sr_st_Ppyr,Transcriptomic
Sr_st_Pspl,Transcriptomic
Sr_st_Psub,Transcriptomic
Sr_st_Psve,Transcriptomic
Sr_st_Ptar,Transcriptomic
Sr_st_Pter,Transcriptomic
Sr_st_Pult,Transcriptomic
Sr_st_Pves,Transcriptomic
Sr_st_Rmar,Transcriptomic
Sr_st_Sagg,Transcriptomic
Sr_st_Sbin,Transcriptomic
Sr_st_Schi,Transcriptomic
Sr_st_Scon,Transcriptomic
Sr_st_Selo,Transcriptomic
Sr_st_Slat,Transcriptomic
Sr_st_Spus,Transcriptomic
Sr_st_Sspa,Transcriptomic
Sr_st_Stur,Transcriptomic
Sr_st_Suni,Transcriptomic
Sr_st_Tfra,Transcriptomic
Sr_st_Trot,Transcriptomic
Sr_st_Tspa,Transcriptomic
Sr_st_Wlun,Transcriptomic
